-- ============================================================================
-- MBTI 性格测试与就业推荐系统 · 种子数据
-- 适用数据库：MySQL 8.0+ / PostgreSQL 15+ / H2
-- ============================================================================

-- ----------------------------------------------------------------------------
-- 1. 用户数据（默认管理员）
-- ----------------------------------------------------------------------------
INSERT INTO users (id, name, email, password, role, phone, department, position, active) VALUES
(1, '管理员', 'admin@example.com', '$2a$10$N9qo8uLOickgx2ZMRZoMyeIjZAgcfl7p92ldGxad68LJZdL17lhWy', 'ADMIN', NULL, '技术部', '系统管理员', TRUE);
-- ⚠️ 密码占位符为示例，实际部署需替换为 bcrypt 加密密码

-- ----------------------------------------------------------------------------
-- 2. 性格维度数据 (8 维度)
-- ----------------------------------------------------------------------------
INSERT INTO personality_dimensions (id, code, name, description, category) VALUES
(1, 'E', '外倾', '倾向于从外部世界获取能量，喜欢社交和互动', 'EI'),
(2, 'I', '内倾', '倾向于从内部世界获取能量，喜欢独处和思考', 'EI'),
(3, 'S', '感觉', '关注具体事实和细节，注重现实和实际经验', 'SN'),
(4, 'N', '直觉', '关注抽象概念和可能性，注重想象和未来', 'SN'),
(5, 'T', '思考', '基于逻辑和客观分析做决策，注重原则和公平', 'TF'),
(6, 'F', '情感', '基于价值观和个人感受做决策，注重和谐与同理心', 'TF'),
(7, 'J', '判断', '喜欢有计划、有条理的生活方式，注重组织和控制', 'JP'),
(8, 'P', '感知', '喜欢灵活、随性的生活方式，注重开放和适应', 'JP');

-- ----------------------------------------------------------------------------
-- 3. 考核类型数据
-- ----------------------------------------------------------------------------
INSERT INTO assessment_types (id, name, description, active) VALUES
(1, 'MBTI性格测试', '迈尔斯-布里格斯性格类型测试，评估16种人格类型，帮助了解个人的性格偏好和行为倾向', TRUE),
(2, '职业兴趣测试', '霍兰德职业兴趣测试，评估六种职业兴趣类型，帮助发现适合的职业方向', TRUE);

-- ----------------------------------------------------------------------------
-- 4. 题库数据 (20 道 MBTI 标准测试题)
-- ----------------------------------------------------------------------------
INSERT INTO questions (id, text, dimension, option_a_text, option_a_value, option_b_text, option_b_value, assessment_type_id, order_index, active) VALUES

-- EI 维度 (1-5)
(1,  '你更喜欢？',                                          'EI', '参加热闹的聚会',               1, '安静地独处',                     7, 1, 1, TRUE),
(2,  '你倾向于？',                                          'EI', '通过与人交流来获取能量',         1, '通过独自思考来获取能量',         7, 1, 2, TRUE),
(3,  '在社交场合中，你通常是？',                             'EI', '主动与他人交流',                 1, '等待他人主动交流',               7, 1, 3, TRUE),
(4,  '你更愿意在什么环境中工作？',                           'EI', '开放协作的办公空间',             1, '安静的独立办公室',               7, 1, 4, TRUE),
(5,  '周末你更喜欢？',                                       'EI', '和朋友一起外出活动',             1, '在家看书或追剧',                 7, 1, 5, TRUE),

-- SN 维度 (6-10)
(6,  '你更关注？',                                          'SN', '具体的细节和事实',               1, '整体的概念和模式',               7, 1, 6, TRUE),
(7,  '学习新知识时，你更喜欢？',                             'SN', '按部就班地掌握基础知识',         1, '直接探索整体框架',               7, 1, 7, TRUE),
(8,  '你更擅长？',                                          'SN', '关注当下的实际情况',             1, '想象未来的可能性',               7, 1, 8, TRUE),
(9,  '阅读时你更注重？',                                    'SN', '具体的案例和数据',               1, '作者的核心观点和理论',           7, 1, 9, TRUE),
(10, '你更倾向于相信？',                                     'SN', '亲身经历和亲眼所见',             1, '直觉和第六感',                   7, 1, 10, TRUE),

-- TF 维度 (11-15)
(11, '做决定时，你更依赖？',                                 'TF', '逻辑分析和客观事实',             1, '个人感受和价值观',               7, 1, 11, TRUE),
(12, '当朋友遇到困难时，你通常会？',                         'TF', '帮他分析问题找出解决方案',       1, '先安抚他的情绪',                 7, 1, 12, TRUE),
(13, '在团队讨论中，你更重视？',                             'TF', '方案的合理性和逻辑',             1, '团队的和谐和氛围',               7, 1, 13, TRUE),
(14, '你更倾向于被认为是？',                                 'TF', '理性客观的人',                   1, '善解人意的人',                   7, 1, 14, TRUE),
(15, '批评他人时，你更注重？',                               'TF', '指出事实和问题本质',             1, '顾及对方的感受',                 7, 1, 15, TRUE),

-- JP 维度 (16-20)
(16, '你更喜欢？',                                          'JP', '提前做好详细计划',               1, '随机应变，享受自由',             7, 1, 16, TRUE),
(17, '你的工作风格是？',                                     'JP', '按照清单逐一完成',               1, '根据情况灵活调整',               7, 1, 17, TRUE),
(18, '你的桌面通常是？',                                     'JP', '整洁有序，每样东西都有固定位置', 1, '看似杂乱但自己找得到',           7, 1, 18, TRUE),
(19, '你对变化的态度是？',                                   'JP', '更喜欢稳定和可预测',             1, '视为新机会和挑战',               7, 1, 19, TRUE),
(20, '你更喜欢？',                                          'JP', '明确的规则和结构',               1, '自由开放的环境',                 7, 1, 20, TRUE);

-- ----------------------------------------------------------------------------
-- 5. 批次数据
-- ----------------------------------------------------------------------------
INSERT INTO batches (id, name, description, start_date, end_date, active) VALUES
(1, '2026年第一批次', '2026年第一季度MBTI性格测试批次', '2026-01-01', '2026-03-31', TRUE),
(2, '2026年第二批次', '2026年第二季度MBTI性格测试批次', '2026-04-01', '2026-06-30', TRUE);

-- ----------------------------------------------------------------------------
-- 6. 测试安排数据
-- ----------------------------------------------------------------------------
INSERT INTO test_schedules (id, batch_id, assessment_type_id, start_time, end_time, location, active) VALUES
(1, 1, 1, '2026-01-15 09:00:00', '2026-01-15 12:00:00', '线上 - 腾讯会议', TRUE),
(2, 1, 1, '2026-02-10 14:00:00', '2026-02-10 17:00:00', '3楼会议室A', TRUE),
(3, 2, 1, '2026-04-15 09:00:00', '2026-04-15 12:00:00', '线上 - 钉钉会议', TRUE);

-- ----------------------------------------------------------------------------
-- 7. 参测人员数据
-- ----------------------------------------------------------------------------
INSERT INTO test_takers (id, name, email, phone, department, position, batch_id) VALUES
(1, '张三', 'zhangsan@example.com', '13800138001', '技术部', '软件工程师', 1),
(2, '李四', 'lisi@example.com', '13800138002', '市场部', '市场专员', 1),
(3, '王五', 'wangwu@example.com', '13800138003', '人事部', 'HR经理', 2),
(4, '赵六', 'zhaoliu@example.com', '13800138004', '财务部', '财务分析师', 2);

-- ----------------------------------------------------------------------------
-- 8. 测试结果数据
-- ----------------------------------------------------------------------------
INSERT INTO test_results (
    id, test_taker_id, test_schedule_id, personality_type,
    score_ei, score_sn, score_tf, score_jp,
    pct_e, pct_i, pct_s, pct_n, pct_t, pct_f, pct_j, pct_p,
    analysis, career_recommendation, completed, completed_at
) VALUES
(1, 1, 1, 'INTJ',
 -10, -8, 12, 6,
 20, 80, 30, 70, 70, 30, 60, 40,
 'INTJ（内向、直觉、思考、判断型）—— 战略型思维者，善于长远规划和复杂问题分析。具有独立、理性、有远见的特点，适合需要深度思考和战略规划的工作环境。',
 '推荐职业：软件架构师、系统分析师、项目管理、战略咨询、科研人员',  TRUE, '2026-01-15 10:30:00'),

(2, 2, 1, 'ENFP',
 14, -6, -10, -8,
 75, 25, 35, 65, 30, 70, 25, 75,
 'ENFP（外向、直觉、情感、感知型）—— 热情的创意推动者，善于人际沟通和灵感激发。具有充满活力、创意丰富、善于社交的特点，适合需要创造力和人际互动的工作环境。',
 '推荐职业：市场营销、广告创意、教育培训、心理咨询、媒体策划', TRUE, '2026-01-15 11:00:00'),

(3, 3, 2, 'ISTJ',
 -12, 10, 8, 6,
 15, 85, 65, 35, 60, 40, 65, 35,
 'ISTJ（内向、感觉、思考、判断型）—— 务实可靠的组织者，善于执行和管理细节。具有责任感强、注重细节、逻辑清晰的特点，适合需要细致和标准化的管理工作。',
 '推荐职业：会计、审计、项目管理、行政管理、数据分析', TRUE, '2026-02-10 15:30:00'),

(4, 4, 2, 'ISFJ',
 -8, 6, -6, 4,
 30, 70, 60, 40, 35, 65, 55, 45,
 'ISFJ（内向、感觉、情感、判断型）—— 温暖细心的守护者，善于照顾他人和维护团队和谐。具有友善、有责任心、注重细节的特点，适合需要关怀和协调的工作环境。',
 '推荐职业：教师、护士、心理咨询师、社会工作者、客户服务', TRUE, '2026-02-10 16:00:00');
